file_id,prob0,prob1,prob2,prob3,prob4,prob5,prob6,prob7
1,0.1720068,0.1890013,0.115884,0.2183552,0.0658663,0.10422,0.1346663
2,0.8483185,0.0083903,0.012344,0.0300135,0.0737829,0.0116593,0.0154915
3,0.9803821,0.0002649,0.0007837,0.0005982,0.0171513,0.0004697,0.0003501
4,0.2408292,0.1503387,0.1052578,0.2190279,0.0699705,0.0919196,0.1226564
5,0.9502189,0.0003997,0.0010998,0.0007668,0.045935,0.0008878,0.000692
6,0.0112304,0.0012368,0.001466,0.0009572,0.9778517,0.0051045,0.0021533
7,0.1415597,0.2110248,0.1239447,0.2124063,0.06338,0.1077655,0.1399189
8,0.075535,0.1428781,0.1060599,0.1369954,0.1179889,0.1799459,0.2405967
9,0.0049904,0.0300435,0.0345971,0.0422555,0.0267109,0.3254325,0.53597
10,0.4750157,0.003472,0.0068961,0.0075183,0.4859726,0.0113675,0.0097577
11,0.2920204,0.1056799,0.0986482,0.1661583,0.0915669,0.10066,0.1452664
12,0.1419971,0.0019599,0.0028825,0.002608,0.8406769,0.0065692,0.0033064
13,0.5466938,0.001005,0.0026255,0.0013953,0.4419282,0.0035509,0.0028014
14,0.8645858,0.0089308,0.0137052,0.0312292,0.0554809,0.0112949,0.0147731
15,0.9809526,0.0005193,0.001345,0.0017583,0.0137516,0.0009072,0.0007659
16,0.986509,0.0002855,0.0008344,0.0007842,0.0107855,0.0004607,0.0003408
17,0.2257091,0.1695769,0.1110183,0.2058509,0.0766862,0.0937551,0.1174034
18,0.9734053,0.0003199,0.0009191,0.0006551,0.0236991,0.000566,0.0004354
19,0.7436119,0.0159734,0.0189101,0.0487267,0.1341341,0.0179364,0.0207073
20,0.9580857,0.0003467,0.0009883,0.0006699,0.0386098,0.0007076,0.0005919
21,0.4482656,0.0486587,0.0612952,0.1061498,0.1938079,0.0722429,0.06958
22,0.2615873,0.1460849,0.1043881,0.2130093,0.0713948,0.0873903,0.1161454
23,0.8164458,0.0191812,0.0265942,0.0492285,0.0474255,0.0191216,0.0220031
24,0.9875288,0.0002417,0.0007196,0.0006477,0.0101643,0.0004001,0.0002978
25,0.2475156,0.1496391,0.1063438,0.2136381,0.0693182,0.0910051,0.1225402
26,0.2694425,0.1378227,0.1005622,0.215395,0.0715614,0.087764,0.1174522
27,0.0112304,0.0012368,0.001466,0.0009572,0.9778517,0.0051045,0.0021533
28,0.7777967,0.0191507,0.0244884,0.0650751,0.0621589,0.021838,0.0294921
29,0.0321805,0.1300924,0.0970201,0.1151272,0.0856723,0.2517611,0.2881464
30,0.1602417,0.2015028,0.1221423,0.215903,0.0663637,0.1024423,0.1314042
31,0.7613037,0.0184665,0.0244527,0.0621078,0.073707,0.0252843,0.034678
32,0.0121172,0.0691186,0.0576611,0.0591819,0.0657176,0.2905876,0.445616
33,0.9746808,0.0005022,0.0013015,0.001215,0.0208567,0.0007628,0.0006809
34,0.1592022,0.196163,0.1201689,0.2182111,0.0686345,0.1033496,0.1342707
35,0.0112304,0.0012368,0.001466,0.0009572,0.9778517,0.0051045,0.0021533
36,0.004529,0.0007117,0.0009562,0.0005002,0.9875999,0.0038814,0.0018216
37,0.1211614,0.2110416,0.1214178,0.2071025,0.0621958,0.1194818,0.157599
38,0.9842101,0.0002603,0.0007791,0.0006484,0.0132927,0.0004569,0.0003525
39,0.5738349,0.0018545,0.0047424,0.0036512,0.4041678,0.0066175,0.0051318
40,0.0088519,0.0013641,0.0016252,0.0010872,0.9788595,0.0057246,0.0024875
41,0.9392717,0.0004381,0.0011746,0.000766,0.0565543,0.0009323,0.000863
42,0.9716628,0.0005387,0.0013756,0.0014303,0.0232012,0.0009614,0.00083
43,0.0340439,0.0019323,0.0029018,0.0023643,0.9442871,0.0092506,0.00522
44,0.02237,0.0829008,0.0826431,0.1023429,0.0219732,0.2071758,0.4805943
45,0.2624793,0.1411694,0.101576,0.2152304,0.0676931,0.0899123,0.1219396
46,0.0167304,0.0870698,0.081092,0.1015329,0.0222158,0.2745978,0.4167613
47,0.04608,0.1731969,0.1163628,0.260497,0.025896,0.1666502,0.2113171
48,0.0135452,0.0014935,0.0017147,0.0012798,0.973797,0.0057076,0.0024623
49,0.024498,0.0076985,0.0064082,0.0088276,0.9245194,0.0172319,0.0108165
50,0.1358465,0.2169868,0.1256678,0.2108484,0.0626067,0.1083256,0.1397181
51,0.9843041,0.000414,0.0011091,0.0013432,0.0115888,0.0006765,0.0005642
52,0.0086099,0.0509964,0.0521252,0.0767146,0.022201,0.3062845,0.4830686
53,0.4839603,0.0035612,0.0071452,0.0082164,0.47566,0.011502,0.009955
54,0.2334626,0.1106424,0.1190934,0.1362708,0.1449177,0.1232974,0.1323156
55,0.1466788,0.2073898,0.1223104,0.2164917,0.0648387,0.1065184,0.1357723
56,0.2842401,0.1315571,0.1011656,0.1972033,0.078681,0.0879789,0.1191739
57,0.0086118,0.0013291,0.0015876,0.0010495,0.979329,0.0056449,0.0024482
58,0.074528,0.0027657,0.0038196,0.003927,0.9003746,0.0098498,0.0047352
59,0.1100423,0.002408,0.0040904,0.0041659,0.8613989,0.0107239,0.0071706
60,0.9429481,0.0010687,0.0027205,0.0029311,0.0466211,0.0020025,0.0017079
61,0.7613037,0.0184665,0.0244527,0.0621078,0.073707,0.0252843,0.034678
62,0.0050073,0.0301347,0.0346908,0.0424289,0.0267407,0.3253619,0.5356357
63,0.0743502,0.1317982,0.1065736,0.1448071,0.1080832,0.2029697,0.231418
64,0.1614191,0.1903103,0.1184345,0.2116995,0.0776039,0.1031798,0.1373529
65,0.9599195,0.0004134,0.0011251,0.0007863,0.0363863,0.0007284,0.0006412
66,0.2475156,0.1496391,0.1063438,0.2136381,0.0693182,0.0910051,0.1225402
67,0.8987508,0.0007934,0.0021736,0.0016798,0.0935774,0.0017518,0.0012732
68,0.2922003,0.0491243,0.0588509,0.1623441,0.2054724,0.0999506,0.1320574
69,0.1932977,0.1652916,0.1101452,0.2231142,0.0717224,0.099992,0.136437
70,0.011022,0.067623,0.0636576,0.1002238,0.0218209,0.285247,0.4504057
71,0.0612841,0.0007377,0.0010981,0.0007295,0.9306102,0.00395,0.0015903
72,0.1184219,0.2235499,0.124375,0.2159437,0.066609,0.1095812,0.1415192
73,0.9580857,0.0003467,0.0009883,0.0006699,0.0386098,0.0007076,0.0005919
74,0.9800104,0.000268,0.0007917,0.0006057,0.0174883,0.0004782,0.0003577
75,0.9445474,0.0014481,0.0036095,0.0046344,0.0399481,0.0029082,0.0029043
76,0.9178526,0.0027708,0.0050048,0.008661,0.0573603,0.0040905,0.00426
77,0.1048464,0.2126455,0.1399931,0.2040458,0.0617887,0.1206105,0.1560701
78,0.922008,0.0027389,0.0051374,0.0098726,0.0508658,0.0042467,0.0051305
79,0.0044289,0.0006297,0.0008615,0.0003999,0.9888965,0.0032797,0.0015038
80,0.0106243,0.0660601,0.0626467,0.0966337,0.0226168,0.2872731,0.4541453
81,0.0084616,0.0011571,0.0016473,0.0011256,0.9760672,0.0078932,0.003648
82,0.0403952,0.1273805,0.0983622,0.1237172,0.0907372,0.237342,0.2820659
83,0.2243801,0.0078217,0.0113373,0.0140597,0.7038638,0.0211785,0.017359
84,0.9389693,0.000439,0.0011765,0.0007663,0.0568484,0.0009348,0.0008658
85,0.941134,0.0010716,0.0026891,0.0030483,0.0482636,0.0019889,0.0018045
86,0.1624039,0.2025201,0.1222833,0.2150913,0.0659031,0.1017055,0.1300929
87,0.1397558,0.2063271,0.1222346,0.216898,0.0676919,0.1083771,0.1387157
88,0.1402099,0.2153328,0.1246663,0.2151766,0.0644516,0.1064832,0.1336796
89,0.0986993,0.2360517,0.1268702,0.1989579,0.058444,0.121103,0.1598738
90,0.9738416,0.0006352,0.0016273,0.0018798,0.0200182,0.0010722,0.0009258
91,0.9536791,0.000339,0.0009605,0.0006184,0.0431168,0.0007029,0.0005831
92,0.9620056,0.0006309,0.0015773,0.0015013,0.032154,0.0010874,0.0010435
93,0.1211614,0.2110416,0.1214178,0.2071025,0.0621958,0.1194818,0.157599
94,0.0037999,0.0013033,0.0015175,0.001095,0.9825106,0.0063138,0.0034598
95,0.0052846,0.0216647,0.0179627,0.0155457,0.5984588,0.1394553,0.2016283
96,0.0124402,0.0023665,0.0027576,0.0024403,0.9658316,0.0096155,0.0045483
97,0.3617249,0.1000772,0.0839518,0.1943526,0.0803546,0.0767806,0.1027582
98,0.1396733,0.0135346,0.017263,0.0188002,0.7547258,0.0325517,0.0234514
99,0.0112304,0.0012368,0.001466,0.0009572,0.9778517,0.0051045,0.0021533
100,0.0042359,0.0006681,0.0009015,0.0004314,0.9887255,0.0034364,0.0016011
