file_id,prob0,prob1,prob2,prob3,prob4,prob5,prob6
1,0.5206004,0.0322159,0.0395307,0.1145778,0.1960626,0.0436598,0.0533528
2,0.7408586,0.0162675,0.0228573,0.0868394,0.0740556,0.026185,0.0329365
3,0.9744114,0.000454,0.0007239,0.0012019,0.0218682,0.0007798,0.000561
4,0.3601101,0.0765978,0.075851,0.2006445,0.0780079,0.0866253,0.1221635
5,0.8978553,0.0014243,0.0024897,0.0060409,0.087939,0.0028215,0.0014293
6,0.0225582,0.0024892,0.0029715,0.0030793,0.9637599,0.0024576,0.0026843
7,0.1741671,0.1582386,0.1115242,0.1695501,0.0769707,0.1297441,0.1798052
8,0.1689596,0.1444274,0.1100769,0.1232426,0.1470549,0.1453131,0.1609254
9,0.0119535,0.09578,0.0656958,0.1012379,0.0165177,0.3194278,0.3893872
10,0.3365712,0.005881,0.0084423,0.0232787,0.6024784,0.0113317,0.0120168
11,0.5399924,0.0367142,0.0444322,0.1465275,0.0817421,0.063388,0.0872035
12,0.3165581,0.0025978,0.0040995,0.005781,0.6645554,0.0037827,0.0026254
13,0.4270062,0.0012497,0.002009,0.0030699,0.5632444,0.0018027,0.001618
14,0.8330192,0.011762,0.0154274,0.0450296,0.0564192,0.0168785,0.0214642
15,0.9570822,0.0012152,0.0019917,0.005172,0.030621,0.0026432,0.0012747
16,0.9835985,0.0005997,0.000842,0.0014019,0.011835,0.0008789,0.0008439
17,0.5239024,0.0402688,0.0445176,0.1537725,0.1156788,0.0522963,0.0695635
18,0.95187,0.0007126,0.0011575,0.0018583,0.0426242,0.0010387,0.0007388
19,0.7684188,0.006537,0.0096957,0.0279591,0.1662559,0.0116494,0.0094841
20,0.9763892,0.0006398,0.0009063,0.0017829,0.0184542,0.001084,0.0007437
21,0.3340541,0.0591644,0.0567182,0.0889682,0.2440252,0.0991199,0.11795
22,0.481158,0.0616074,0.0600116,0.1581702,0.0708632,0.0689836,0.0992059
23,0.771295,0.0303051,0.0277422,0.0497843,0.0395631,0.029898,0.0514124
24,0.9853131,0.0004276,0.0005991,0.0010468,0.0113879,0.0006702,0.0005553
25,0.3429618,0.0838346,0.084991,0.1904666,0.0766381,0.0952752,0.1258327
26,0.4096511,0.0652915,0.0685218,0.190503,0.0782851,0.0780765,0.109671
27,0.0225582,0.0024892,0.0029715,0.0030793,0.9637599,0.0024576,0.0026843
28,0.8579649,0.0078809,0.0111375,0.0358652,0.0601937,0.0129162,0.0140416
29,0.0449663,0.1696128,0.1035894,0.1456399,0.0547156,0.230679,0.250797
30,0.2010642,0.147612,0.1097148,0.172367,0.0830192,0.1229002,0.1633227
31,0.6008705,0.0517417,0.0489908,0.0993572,0.0568356,0.0570911,0.0851132
32,0.0143703,0.1628124,0.0868344,0.1097154,0.1022878,0.1882124,0.3357673
33,0.9745731,0.0008595,0.0012502,0.0023129,0.0186279,0.0012789,0.0010975
34,0.2434484,0.1204072,0.1014486,0.1804075,0.0903434,0.1145533,0.1493917
35,0.0225582,0.0024892,0.0029715,0.0030793,0.9637599,0.0024576,0.0026843
36,0.0082773,0.002077,0.002632,0.0023498,0.9809593,0.0022054,0.0014992
37,0.578018,0.0240145,0.031262,0.0986928,0.1909701,0.0352083,0.0418344
38,0.9808259,0.000534,0.0007641,0.0015023,0.0147203,0.0008821,0.0007713
39,0.5308008,0.0022222,0.0034991,0.00629,0.4488369,0.0044718,0.003879
40,0.0170007,0.0034271,0.0043313,0.0041645,0.9633477,0.0039561,0.0037727
41,0.9699128,0.0008074,0.0012189,0.0024759,0.0233401,0.0013916,0.0008533
42,0.9656624,0.0011759,0.0017764,0.0047264,0.02302,0.0023191,0.0013199
43,0.2055284,0.0023024,0.0033519,0.0039016,0.7787509,0.002693,0.0034719
44,0.0856634,0.0775277,0.0680417,0.1259178,0.0237496,0.222201,0.3968988
45,0.3774337,0.071338,0.0707642,0.1890096,0.0965142,0.0789986,0.1159416
46,0.0321422,0.1412586,0.0793799,0.1081856,0.0193735,0.2687482,0.3509122
47,0.0467324,0.1158666,0.0939023,0.2092713,0.0241201,0.2534728,0.2566344
48,0.0248943,0.0027143,0.0032819,0.003431,0.9597891,0.0027768,0.0031125
49,0.0268839,0.007666,0.0082329,0.0089534,0.9307644,0.008944,0.0085553
50,0.1521913,0.1925244,0.1113985,0.148337,0.0775756,0.134525,0.1834482
51,0.9766514,0.0006059,0.0008872,0.0016969,0.0182966,0.0010105,0.0008514
52,0.0120354,0.1261742,0.0753069,0.1095769,0.0171074,0.292414,0.3673853
53,0.6459619,0.0039644,0.0065067,0.0145192,0.3163741,0.0081089,0.0045651
54,0.2633806,0.0621081,0.0722826,0.1223636,0.2972136,0.0831535,0.0994981
55,0.1907996,0.1446285,0.1159513,0.176685,0.0755334,0.1318992,0.164503
56,0.8653722,0.007865,0.0109734,0.0357916,0.0521441,0.0133101,0.0145436
57,0.0167666,0.003341,0.0042492,0.0040864,0.9639614,0.0038739,0.0037215
58,0.1922812,0.0055661,0.006966,0.00928,0.7705946,0.0079742,0.007338
59,0.624479,0.0033517,0.005758,0.0143664,0.3418198,0.0061074,0.0041177
60,0.8892118,0.0022681,0.0039017,0.0134555,0.0824244,0.0050007,0.0037378
61,0.6008705,0.0517417,0.0489908,0.0993572,0.0568356,0.0570911,0.0851132
62,0.0120263,0.0935058,0.065894,0.1026305,0.0165583,0.3272323,0.3821528
63,0.1191838,0.1146611,0.0982904,0.1837382,0.0697919,0.220023,0.1943117
64,0.2826502,0.0891798,0.0895283,0.2040764,0.0952644,0.0971313,0.1421696
65,0.9705387,0.0007795,0.0012135,0.0019224,0.0235057,0.0011958,0.0008444
66,0.3429618,0.0838346,0.084991,0.1904666,0.0766381,0.0952752,0.1258327
67,0.5762014,0.0031869,0.0046774,0.0115234,0.3948203,0.0058692,0.0037213
68,0.4000962,0.0455734,0.0560306,0.1606536,0.125851,0.0982758,0.1135191
69,0.3849442,0.0652279,0.0699364,0.2063683,0.083278,0.0784542,0.111791
70,0.0123898,0.1634811,0.079809,0.1082493,0.0219411,0.255059,0.3590706
71,0.079888,0.0025307,0.0034615,0.0040856,0.9047489,0.0029501,0.0023354
72,0.1514695,0.1890202,0.1153645,0.1580007,0.0746781,0.1332892,0.1781779
73,0.9763892,0.0006398,0.0009063,0.0017829,0.0184542,0.001084,0.0007437
74,0.9731942,0.0004666,0.0007466,0.001269,0.0229281,0.000817,0.0005786
75,0.7955774,0.0141626,0.0173947,0.0506013,0.0671803,0.0260592,0.0290245
76,0.8211994,0.0055788,0.0073699,0.0174003,0.1313732,0.009274,0.0078045
77,0.1486021,0.1531014,0.1273534,0.1774527,0.0785318,0.1419846,0.172974
78,0.9144514,0.0035246,0.0053425,0.0162366,0.0488244,0.0064213,0.0051993
79,0.0079521,0.0017326,0.0021552,0.0019056,0.9832646,0.00167,0.0013201
80,0.0122164,0.1579354,0.0789277,0.1076104,0.0222571,0.2567784,0.3642748
81,0.0272818,0.0047717,0.0060567,0.0077086,0.9393408,0.0075507,0.0072897
82,0.0521921,0.1595359,0.0965806,0.1346626,0.0565682,0.23987,0.2605906
83,0.3916664,0.0040147,0.0060849,0.0135683,0.5685034,0.0073373,0.008825
84,0.9698366,0.0008051,0.0012179,0.0024542,0.0234539,0.0013822,0.00085
85,0.898223,0.0020395,0.0034754,0.0102068,0.0784217,0.004495,0.0031385
86,0.1597865,0.2188666,0.1095777,0.1402383,0.0702063,0.1270414,0.1742832
87,0.1869848,0.1344976,0.1091784,0.1917796,0.0837425,0.1228916,0.1709254
88,0.2185397,0.1126574,0.1031619,0.2162113,0.076103,0.1163336,0.156993
89,0.0920346,0.2803344,0.1068504,0.1227396,0.054905,0.1402844,0.2028517
90,0.9475384,0.0017867,0.0026581,0.0061539,0.0363722,0.0030097,0.0024811
91,0.9753242,0.0006218,0.0008966,0.0017258,0.0196764,0.001056,0.0006991
92,0.9711485,0.000985,0.0014625,0.0029118,0.0206998,0.0015762,0.0012163
93,0.578018,0.0240145,0.031262,0.0986928,0.1909701,0.0352083,0.0418344
94,0.0086205,0.0033071,0.0043435,0.0040473,0.9730112,0.0040039,0.0026665
95,0.0095573,0.0070596,0.0087273,0.0088582,0.9509073,0.0091519,0.0057383
96,0.0237147,0.0049304,0.0062002,0.0054108,0.9500686,0.0058462,0.0038292
97,0.530352,0.0545648,0.0517355,0.1398165,0.0730352,0.062891,0.0876049
98,0.1649056,0.0833441,0.0910539,0.1385854,0.3144081,0.1064466,0.1012563
99,0.0225582,0.0024892,0.0029715,0.0030793,0.9637599,0.0024576,0.0026843
100,0.0077942,0.0018288,0.002295,0.0020142,0.9829108,0.001798,0.0013589
